duration,protocol_type,service,flag,src_bytes,dst_bytes,land,wrong_fragment,urgent,hot,num_failed_logins,logged_in,num_compromised,root_shell,su_attempted,num_root,num_file_creations,num_shells,num_access_files,num_outbound_cmds,is_host_login,is_guest_login,count,srv_count,serror_rate,srv_serror_rate,rerror_rate,srv_rerror_rate,same_srv_rate,diff_srv_rate,srv_diff_host_rate,dst_host_count,dst_host_srv_count,dst_host_same_srv_rate,dst_host_diff_srv_rate,dst_host_same_src_port_rate,dst_host_srv_diff_host_rate,dst_host_serror_rate,dst_host_srv_serror_rate,dst_host_rerror_rate,dst_host_srv_rerror_rate,label
0,tcp,telnet,sf,126,174,0,0,0,0,1,0,0,0,0,0,0,0,0,0,0,0,1,1,0.0,0.0,0.0,0.0,1.0,0.0,0.0,255,71,0.28,0.02,0.0,0.0,0.0,0.0,0.01,0.04,guess_passwd
0,tcp,private,rej,0,0,0,0,0,0,0,0,0,0,0,0,0,0,0,0,0,0,232,5,0.0,0.0,1.0,1.0,0.02,0.07,0.0,255,5,0.02,0.07,0.0,0.0,0.0,0.0,1.0,1.0,neptune
0,tcp,http,sf,320,1269,0,0,0,0,0,1,0,0,0,0,0,0,0,0,0,0,4,5,0.0,0.0,0.0,0.0,1.0,0.0,0.4,19,255,1.0,0.0,0.05,0.04,0.0,0.0,0.0,0.0,normal
0,tcp,http,sf,220,502,0,0,0,0,0,1,0,0,0,0,0,0,0,0,0,0,3,4,0.0,0.0,0.0,0.0,1.0,0.0,0.5,144,255,1.0,0.0,0.01,0.02,0.0,0.0,0.0,0.0,normal
6,tcp,pop_3,sf,30,93,0,0,0,0,0,1,0,0,0,0,0,0,0,0,0,0,1,1,0.0,0.0,0.0,0.0,1.0,0.0,0.0,255,253,0.99,0.01,0.0,0.0,0.0,0.0,0.0,0.0,guess_passwd
0,tcp,ftp_data,sf,12,0,0,0,0,0,0,0,0,0,0,0,0,0,0,0,0,0,1,1,0.0,0.0,0.0,0.0,1.0,0.0,0.0,1,9,1.0,0.0,1.0,0.33,0.0,0.0,0.0,0.0,warezmaster
0,tcp,private,s0,0,0,0,0,0,0,0,0,0,0,0,0,0,0,0,0,0,0,186,10,1.0,1.0,0.0,0.0,0.05,0.09,0.0,255,10,0.04,0.09,0.0,0.0,1.0,1.0,0.0,0.0,neptune
0,tcp,other,rej,0,0,0,0,0,0,0,0,0,0,0,0,0,0,0,0,0,0,431,2,0.05,0.0,0.95,1.0,0.0,1.0,1.0,255,1,0.0,1.0,0.0,0.0,0.07,0.0,0.93,1.0,saint
282,tcp,ftp,sf,164,599,0,0,0,2,0,1,0,0,0,0,0,0,0,0,0,1,1,1,0.0,0.0,0.0,0.0,1.0,0.0,0.0,255,16,0.06,0.79,0.0,0.0,0.0,0.0,0.77,0.0,warezmaster
0,tcp,http,sf,257,397,0,0,0,0,0,1,0,0,0,0,0,0,0,0,0,0,9,9,0.0,0.0,0.0,0.0,1.0,0.0,0.0,158,255,1.0,0.0,0.01,0.01,0.0,0.0,0.0,0.0,normal
0,tcp,other,rej,0,0,0,0,0,0,0,0,0,0,0,0,0,0,0,0,0,0,491,1,0.1,0.0,0.9,1.0,0.0,1.0,0.0,255,1,0.0,1.0,0.0,0.0,0.07,0.0,0.93,1.0,saint
0,tcp,other,rstr,0,0,0,0,0,0,0,0,0,0,0,0,0,0,0,0,0,0,1,1,0.0,0.0,1.0,1.0,1.0,0.0,0.0,255,1,0.0,1.0,1.0,0.0,0.0,0.0,1.0,1.0,portsweep
90,tcp,ftp,sf,110,351,0,0,0,1,0,1,0,0,0,0,0,0,0,0,0,0,1,1,0.0,0.0,0.0,0.0,1.0,0.0,0.0,148,1,0.01,0.05,0.01,0.0,0.01,0.0,0.0,0.0,httptunnel
0,tcp,http,sf,215,332,0,0,0,0,0,1,0,0,0,0,0,0,0,0,0,0,37,37,0.0,0.0,0.0,0.0,1.0,0.0,0.0,255,255,1.0,0.0,0.0,0.0,0.0,0.0,0.0,0.0,normal
0,tcp,other,s0,0,0,0,0,0,0,0,0,0,0,0,0,0,0,0,0,0,0,478,1,0.03,1.0,0.97,0.0,0.0,1.0,0.0,255,1,0.0,1.0,0.0,0.0,0.01,1.0,0.99,0.0,satan
0,tcp,private,rej,0,0,0,0,0,0,0,0,0,0,0,0,0,0,0,0,0,0,255,5,0.0,0.0,1.0,1.0,0.02,0.06,0.0,255,5,0.02,0.06,0.0,0.0,0.0,0.0,1.0,1.0,neptune
0,tcp,private,s0,0,0,0,0,0,0,0,0,0,0,0,0,0,0,0,0,0,0,150,10,1.0,1.0,0.0,0.0,0.07,0.09,0.0,255,10,0.04,0.09,0.0,0.0,1.0,1.0,0.0,0.0,neptune
0,icmp,ecr_i,sf,1008,0,0,0,0,0,0,0,0,0,0,0,0,0,0,0,0,0,336,336,0.0,0.0,0.0,0.0,1.0,0.0,0.0,255,255,1.0,0.0,1.0,0.0,0.0,0.0,0.0,0.0,smurf
0,tcp,http,sf,319,398,0,0,0,0,0,1,0,0,0,0,0,0,0,0,0,0,5,5,0.0,0.0,0.0,0.0,1.0,0.0,0.0,255,255,1.0,0.0,0.0,0.0,0.0,0.0,0.0,0.0,normal
0,udp,domain_u,sf,45,132,0,0,0,0,0,0,0,0,0,0,0,0,0,0,0,0,73,153,0.0,0.0,0.0,0.0,1.0,0.0,0.01,255,240,0.94,0.01,0.0,0.0,0.0,0.0,0.0,0.0,normal
0,icmp,urp_i,sf,36,0,0,0,0,0,0,0,0,0,0,0,0,0,0,0,0,0,1,1,0.0,0.0,0.0,0.0,1.0,0.0,0.0,255,165,0.65,0.02,0.65,0.0,0.0,0.0,0.0,0.0,normal
9,tcp,smtp,sf,4485,631,0,0,0,0,0,1,0,1,0,2,0,0,1,0,0,0,1,1,0.0,0.0,0.0,0.0,1.0,0.0,0.0,41,151,0.2,0.12,0.02,0.01,0.0,0.0,0.0,0.0,sendmail
0,tcp,telnet,rej,0,0,0,0,0,0,0,0,0,0,0,0,0,0,0,0,0,0,1,17,0.0,0.12,1.0,0.71,1.0,0.0,0.76,241,6,0.02,0.03,0.0,0.0,0.0,0.17,0.05,0.67,mscan
8181,tcp,telnet,sf,0,15,0,0,0,0,0,0,0,0,0,0,0,0,0,0,0,0,1,1,0.0,0.0,0.0,0.0,1.0,0.0,0.0,255,16,0.06,0.83,0.0,0.0,0.0,0.0,0.81,0.0,processtable
0,tcp,http,sf,302,258,0,0,0,0,0,1,0,0,0,0,0,0,0,0,0,0,2,2,0.0,0.0,0.0,0.0,1.0,0.0,0.0,247,119,0.48,0.4,0.0,0.0,0.01,0.0,0.45,0.01,normal
0,udp,private,sf,44,44,0,0,0,0,0,0,0,0,0,0,0,0,0,0,0,0,3,3,0.0,0.0,0.0,0.0,1.0,0.0,0.0,255,254,1.0,0.01,0.01,0.0,0.0,0.0,0.0,0.0,snmpguess
0,tcp,http,sf,54540,8314,0,0,0,2,0,1,1,0,0,0,0,0,0,0,0,0,4,14,0.0,0.0,0.0,0.0,1.0,0.0,0.14,255,255,1.0,0.0,0.0,0.0,0.0,0.0,0.03,0.03,back
0,tcp,http,sf,247,2947,0,0,0,0,0,1,0,0,0,0,0,0,0,0,0,0,9,10,0.0,0.0,0.0,0.0,1.0,0.0,0.2,116,229,1.0,0.0,0.01,0.01,0.0,0.0,0.0,0.0,normal
0,tcp,http,sf,207,2628,0,0,0,0,0,1,0,0,0,0,0,0,0,0,0,0,10,10,0.0,0.0,0.0,0.0,1.0,0.0,0.0,24,255,1.0,0.0,0.04,0.02,0.0,0.0,0.0,0.0,normal
0,tcp,http,sf,295,527,0,0,0,0,0,1,0,0,0,0,0,0,0,0,0,0,8,8,0.0,0.0,0.0,0.0,1.0,0.0,0.0,124,255,1.0,0.0,0.01,0.03,0.0,0.0,0.0,0.0,normal
0,tcp,http,sf,313,782,0,0,0,0,0,1,0,0,0,0,0,0,0,0,0,0,17,17,0.0,0.0,0.0,0.0,1.0,0.0,0.0,58,241,1.0,0.0,0.02,0.03,0.0,0.0,0.0,0.0,normal
0,tcp,ftp_data,sf,7658,0,0,0,0,0,0,0,0,0,0,0,0,0,0,0,0,0,2,2,0.0,0.0,0.0,0.0,1.0,0.0,0.0,199,43,0.2,0.02,0.2,0.05,0.0,0.0,0.01,0.0,normal
0,tcp,http,sf,314,274,0,0,0,0,0,1,0,0,0,0,0,0,0,0,0,0,11,11,0.0,0.0,0.0,0.0,1.0,0.0,0.0,255,255,1.0,0.0,0.01,0.0,0.0,0.0,0.0,0.0,normal
0,tcp,http,sf,305,2239,0,0,0,0,0,1,0,0,0,0,0,0,0,0,0,0,6,6,0.0,0.0,0.0,0.0,1.0,0.0,0.0,60,28,0.47,0.07,0.02,0.0,0.0,0.0,0.07,0.0,normal
2,tcp,telnet,sf,74,114,0,0,0,0,0,0,0,0,0,0,0,0,0,0,0,0,457,1,0.07,0.0,0.91,0.0,0.0,1.0,0.0,255,1,0.0,1.0,0.0,0.0,0.05,0.0,0.91,0.0,saint
0,tcp,http,sf,204,3096,0,0,0,0,0,1,0,0,0,0,0,0,0,0,0,0,1,1,0.0,0.0,0.0,0.0,1.0,0.0,0.0,7,255,1.0,0.0,0.14,0.02,0.0,0.0,0.0,0.0,normal
796,tcp,http,rstr,60884,0,0,0,0,0,0,1,0,0,0,0,0,0,0,0,0,0,67,67,0.03,0.03,0.97,0.97,1.0,0.0,0.0,255,253,0.99,0.01,0.0,0.0,0.01,0.01,0.33,0.33,apache2
1,tcp,smtp,sf,853,330,0,0,0,0,0,1,0,0,0,0,0,0,0,0,0,0,1,3,0.0,0.0,0.0,0.0,1.0,0.0,1.0,187,184,0.68,0.02,0.01,0.01,0.0,0.0,0.0,0.0,normal
0,tcp,http,sf,192,758,0,0,0,0,0,1,0,0,0,0,0,0,0,0,0,0,1,7,0.0,0.0,0.0,0.0,1.0,0.0,0.29,209,255,1.0,0.0,0.0,0.01,0.0,0.0,0.0,0.0,normal
0,icmp,ecr_i,sf,1008,0,0,0,0,0,0,0,0,0,0,0,0,0,0,0,0,0,320,320,0.0,0.0,0.0,0.0,1.0,0.0,0.0,255,255,1.0,0.0,1.0,0.0,0.0,0.0,0.0,0.0,smurf
0,tcp,private,rej,0,0,0,0,0,0,0,0,0,0,0,0,0,0,0,0,0,0,211,9,0.0,0.0,1.0,1.0,0.04,0.07,0.0,255,9,0.04,0.07,0.0,0.0,0.0,0.0,1.0,1.0,neptune
0,tcp,private,rej,0,0,0,0,0,0,0,0,0,0,0,0,0,0,0,0,0,0,225,2,0.0,0.0,1.0,1.0,0.01,0.07,0.0,255,2,0.01,0.08,0.0,0.0,0.0,0.0,1.0,1.0,neptune
0,tcp,http,sf,309,4368,0,0,0,0,0,1,0,0,0,0,0,0,0,0,0,0,13,15,0.0,0.0,0.0,0.0,1.0,0.0,0.2,19,255,1.0,0.0,0.05,0.05,0.0,0.0,0.0,0.0,normal
0,tcp,http,sf,207,1341,0,0,0,0,0,1,0,0,0,0,0,0,0,0,0,0,16,16,0.0,0.0,0.0,0.0,1.0,0.0,0.0,149,255,1.0,0.0,0.01,0.02,0.0,0.0,0.0,0.0,normal
0,tcp,private,rej,0,0,0,0,0,0,0,0,0,0,0,0,0,0,0,0,0,0,116,10,0.0,0.0,1.0,1.0,0.09,0.06,0.0,255,10,0.04,0.06,0.0,0.0,0.0,0.0,1.0,1.0,neptune
0,tcp,smtp,sf,1658,480,0,0,0,0,0,1,0,0,0,0,0,0,0,0,0,0,1,1,0.0,0.0,0.0,0.0,1.0,0.0,0.0,2,138,1.0,0.0,0.5,0.01,0.0,0.0,0.0,0.0,normal
2058,tcp,http,rstr,101764,0,0,0,0,0,0,1,0,0,0,0,0,0,0,0,0,0,2,2,0.0,0.0,0.5,0.5,1.0,0.0,0.0,255,227,0.89,0.02,0.0,0.0,0.0,0.0,0.0,0.0,apache2
0,tcp,private,s0,0,0,0,0,0,0,0,0,0,0,0,0,0,0,0,0,0,0,138,4,1.0,1.0,0.0,0.0,0.03,0.09,0.0,255,4,0.02,0.09,0.0,0.0,1.0,1.0,0.0,0.0,neptune
0,tcp,telnet,sf,123,174,0,0,0,0,1,0,0,0,0,0,0,0,0,0,0,0,1,1,0.0,0.0,0.0,0.0,1.0,0.0,0.0,255,165,0.65,0.02,0.0,0.0,0.0,0.0,0.02,0.03,guess_passwd
0,tcp,http,sf,253,5940,0,0,0,0,0,1,0,0,0,0,0,0,0,0,0,0,16,18,0.0,0.0,0.0,0.0,1.0,0.0,0.17,255,255,1.0,0.0,0.0,0.0,0.0,0.0,0.0,0.0,normal
0,udp,domain_u,sf,44,44,0,0,0,0,0,0,0,0,0,0,0,0,0,0,0,0,2,3,0.0,0.0,0.0,0.0,1.0,0.0,0.67,255,240,0.94,0.01,0.01,0.0,0.0,0.0,0.04,0.0,normal
0,tcp,http,sf,222,333,0,0,0,0,0,1,0,0,0,0,0,0,0,0,0,0,4,4,0.0,0.0,0.0,0.0,1.0,0.0,0.0,137,237,1.0,0.0,0.01,0.03,0.0,0.0,0.0,0.0,normal
0,tcp,http,sf,255,1738,0,0,0,0,0,1,0,0,0,0,0,0,0,0,0,0,20,20,0.0,0.0,0.0,0.0,1.0,0.0,0.0,255,255,1.0,0.0,0.0,0.0,0.0,0.0,0.0,0.0,normal
1,tcp,smtp,sf,926,331,0,0,0,0,0,1,0,0,0,0,0,0,0,0,0,0,1,3,0.0,0.0,0.0,0.0,1.0,0.0,1.0,3,109,0.67,0.67,0.33,0.02,0.0,0.0,0.0,0.0,normal
1,tcp,smtp,sf,2599,293,0,0,0,0,0,1,0,0,0,0,0,0,0,0,0,0,3,2,0.0,0.0,0.33,0.0,0.67,0.67,0.0,255,245,0.96,0.04,0.0,0.0,0.0,0.0,0.04,0.0,mailbomb
0,tcp,other,s0,0,0,0,0,0,0,0,0,0,0,0,0,0,0,0,0,0,0,457,1,0.14,1.0,0.86,0.0,0.0,1.0,0.0,255,1,0.0,0.98,0.0,0.0,0.13,1.0,0.86,0.0,satan
0,tcp,http,sf,210,566,0,0,0,0,0,1,0,0,0,0,0,0,0,0,0,0,7,10,0.0,0.0,0.0,0.0,1.0,0.0,0.2,27,255,1.0,0.0,0.04,0.02,0.0,0.0,0.0,0.0,normal
0,tcp,http,sf,331,3103,0,0,0,0,0,1,0,0,0,0,0,0,0,0,0,0,3,18,0.0,0.0,0.0,0.0,1.0,0.0,0.11,53,255,1.0,0.0,0.02,0.03,0.0,0.0,0.0,0.0,normal
0,tcp,ssh,rej,0,0,0,0,0,0,0,0,0,0,0,0,0,0,0,0,0,0,295,18,0.0,0.0,1.0,1.0,0.06,0.05,0.0,255,18,0.07,0.06,0.0,0.0,0.0,0.0,1.0,1.0,neptune
4906,udp,other,sf,146,105,0,0,0,0,0,0,0,0,0,0,0,0,0,0,0,0,1,1,0.0,0.0,0.0,0.0,1.0,0.0,0.0,255,4,0.02,0.06,0.09,0.0,0.0,0.0,0.01,0.0,normal
0,tcp,http,sf,211,8412,0,0,0,0,0,1,0,0,0,0,0,0,0,0,0,0,14,29,0.0,0.0,0.0,0.0,1.0,0.0,0.07,255,255,1.0,0.0,0.0,0.0,0.0,0.0,0.0,0.0,normal
0,tcp,http,sf,235,12755,0,0,0,0,0,1,0,0,0,0,0,0,0,0,0,0,2,2,0.0,0.0,0.0,0.0,1.0,0.0,0.0,2,255,1.0,0.0,0.5,0.07,0.0,0.0,0.0,0.0,normal
0,tcp,private,rej,0,0,0,0,0,0,0,0,0,0,0,0,0,0,0,0,0,0,111,17,0.0,0.0,1.0,1.0,0.15,0.05,0.0,255,17,0.07,0.05,0.0,0.0,0.0,0.0,1.0,1.0,neptune
4,tcp,pop_3,sf,32,93,0,0,0,0,0,1,0,0,0,0,0,0,0,0,0,0,1,1,0.0,0.0,0.0,0.0,1.0,0.0,0.0,164,146,0.88,0.02,0.01,0.01,0.0,0.0,0.06,0.0,guess_passwd
10,tcp,smtp,sf,1083,332,0,0,0,0,0,1,0,0,0,0,0,0,0,0,0,0,1,4,0.0,0.0,0.0,0.0,1.0,0.0,1.0,255,116,0.45,0.02,0.0,0.0,0.0,0.0,0.0,0.0,normal
0,udp,other,sf,1,1,0,0,0,0,0,0,0,0,0,0,0,0,0,0,0,0,62,1,0.0,0.0,0.0,0.0,0.02,1.0,0.0,255,1,0.0,0.69,0.99,0.0,0.0,0.0,0.0,0.0,satan
0,udp,private,sf,54,53,0,0,0,0,0,0,0,0,0,0,0,0,0,0,0,0,189,189,0.0,0.0,0.0,0.0,1.0,0.0,0.0,255,255,1.0,0.0,0.93,0.0,0.0,0.0,0.0,0.0,normal
0,udp,private,sf,50,0,0,0,0,0,0,0,0,0,0,0,0,0,0,0,0,0,4,4,0.0,0.0,0.0,0.0,1.0,0.0,0.0,255,253,0.99,0.01,0.01,0.0,0.0,0.0,0.0,0.0,snmpguess
0,tcp,private,s0,0,0,0,0,0,0,0,0,0,0,0,0,0,0,0,0,0,0,275,20,1.0,1.0,0.0,0.0,0.07,0.06,0.0,255,20,0.08,0.07,0.0,0.0,1.0,1.0,0.0,0.0,neptune
0,tcp,http,sf,306,4625,0,0,0,0,0,1,0,0,0,0,0,0,0,0,0,0,4,4,0.0,0.0,0.0,0.0,1.0,0.0,0.0,115,255,1.0,0.0,0.01,0.02,0.0,0.0,0.0,0.0,normal
0,tcp,http,sf,284,1415,0,0,0,0,0,1,0,0,0,0,0,0,0,0,0,0,10,67,0.0,0.0,0.0,0.0,1.0,0.0,0.09,107,107,1.0,0.0,0.01,0.0,0.0,0.0,0.0,0.0,normal
0,tcp,http,sf,235,1560,0,0,0,0,0,1,0,0,0,0,0,0,0,0,0,0,11,11,0.0,0.0,0.0,0.0,1.0,0.0,0.0,11,255,1.0,0.0,0.09,0.06,0.0,0.0,0.0,0.0,normal
0,tcp,private,rej,0,0,0,0,0,0,0,0,0,0,0,0,0,0,0,0,0,0,97,1,0.0,0.0,1.0,1.0,0.01,0.07,0.0,255,1,0.0,0.06,0.0,0.0,0.0,0.0,1.0,1.0,neptune
0,tcp,http,sf,214,254,0,0,0,0,0,1,0,0,0,0,0,0,0,0,0,0,4,4,0.25,0.25,0.0,0.0,1.0,0.0,0.0,255,255,1.0,0.0,0.0,0.0,0.0,0.0,0.0,0.0,normal
0,udp,private,sf,41,0,0,0,0,0,0,0,0,0,0,0,0,0,0,0,0,0,3,3,0.0,0.0,0.0,0.0,1.0,0.0,0.0,255,254,1.0,0.01,0.0,0.0,0.0,0.0,0.0,0.0,snmpguess
0,tcp,private,rej,0,0,0,0,0,0,0,0,0,0,0,0,0,0,0,0,0,0,117,11,0.0,0.0,1.0,1.0,0.09,0.08,0.0,255,11,0.04,0.06,0.0,0.0,0.0,0.0,1.0,1.0,neptune
0,tcp,private,s0,0,0,0,0,0,0,0,0,0,0,0,0,0,0,0,0,0,0,110,3,1.0,1.0,0.0,0.0,0.03,0.07,0.0,255,3,0.01,0.06,0.0,0.0,1.0,1.0,0.0,0.0,neptune
0,tcp,http,sf,221,17606,0,0,0,0,0,1,0,0,0,0,0,0,0,0,0,0,1,1,0.0,0.0,0.0,0.0,1.0,0.0,0.0,181,251,1.0,0.0,0.01,0.01,0.0,0.0,0.0,0.0,normal
0,udp,domain_u,sf,44,76,0,0,0,0,0,0,0,0,0,0,0,0,0,0,0,0,236,235,0.0,0.0,0.0,0.0,1.0,0.01,0.0,255,253,0.99,0.01,0.01,0.0,0.0,0.0,0.0,0.0,normal
0,udp,domain_u,sf,44,44,0,0,0,0,0,0,0,0,0,0,0,0,0,0,0,0,30,110,0.0,0.0,0.0,0.0,1.0,0.0,0.02,255,254,1.0,0.01,0.01,0.0,0.0,0.0,0.0,0.0,normal
283,tcp,ftp,sf,164,599,0,0,0,2,0,1,0,0,0,0,0,0,0,0,0,1,1,1,0.0,0.0,0.0,0.0,1.0,0.0,0.0,255,28,0.11,0.03,0.0,0.0,0.46,0.0,0.02,0.0,warezmaster
0,udp,other,sf,1,1,0,0,0,0,0,0,0,0,0,0,0,0,0,0,0,0,201,1,0.0,0.0,0.0,0.0,0.0,1.0,0.0,255,1,0.0,1.0,1.0,0.0,0.0,0.0,0.0,0.0,satan
0,tcp,http,sf,353,17082,0,0,0,0,0,1,0,0,0,0,0,0,0,0,0,0,14,15,0.0,0.0,0.0,0.0,1.0,0.0,0.13,109,194,1.0,0.0,0.01,0.03,0.0,0.0,0.0,0.0,normal
0,tcp,http,sf,512,9211,0,0,0,0,0,1,0,0,0,0,0,0,0,0,0,0,14,37,0.0,0.0,0.0,0.0,1.0,0.0,0.08,66,255,1.0,0.0,0.02,0.05,0.0,0.0,0.0,0.0,normal
0,tcp,telnet,sf,122,174,0,0,0,0,1,0,0,0,0,0,0,0,0,0,0,0,1,1,0.0,0.0,0.0,0.0,1.0,0.0,0.0,255,48,0.19,0.02,0.0,0.0,0.0,0.0,0.01,0.04,guess_passwd
0,tcp,private,rej,0,0,0,0,0,0,0,0,0,0,0,0,0,0,0,0,0,0,181,18,0.0,0.0,1.0,1.0,0.1,0.06,0.0,255,18,0.07,0.06,0.0,0.0,0.0,0.0,1.0,1.0,neptune
0,tcp,http,sf,269,388,0,0,0,0,0,1,0,0,0,0,0,0,0,0,0,0,1,3,0.0,0.0,0.0,0.0,1.0,0.0,0.67,115,255,1.0,0.0,0.01,0.03,0.01,0.0,0.0,0.0,normal
0,tcp,http,sf,235,892,0,0,0,0,0,1,0,0,0,0,0,0,0,0,0,0,2,9,0.0,0.0,0.0,0.0,1.0,0.0,0.33,255,255,1.0,0.0,0.0,0.0,0.0,0.0,0.0,0.0,normal
0,udp,private,sf,52,57,0,0,0,0,0,0,0,0,0,0,0,0,0,0,0,0,511,511,0.0,0.0,0.0,0.0,1.0,0.0,0.0,255,255,1.0,0.0,0.94,0.0,0.0,0.0,0.0,0.0,normal
0,tcp,private,s0,0,0,0,0,0,0,0,0,0,0,0,0,0,0,0,0,0,0,180,17,1.0,1.0,0.0,0.0,0.09,0.08,0.0,255,17,0.07,0.08,0.0,0.0,1.0,1.0,0.0,0.0,neptune
4,tcp,pop_3,sf,32,93,0,0,0,0,0,1,0,0,0,0,0,0,0,0,0,0,1,1,0.0,0.0,0.0,0.0,1.0,0.0,0.0,255,174,0.68,0.02,0.0,0.0,0.0,0.0,0.11,0.0,guess_passwd
0,tcp,http,sf,304,1697,0,0,0,0,0,1,0,0,0,0,0,0,0,0,0,0,19,29,0.0,0.0,0.0,0.0,1.0,0.0,0.14,176,255,1.0,0.0,0.01,0.02,0.0,0.0,0.0,0.0,normal
0,tcp,http,sf,213,1338,0,0,0,0,0,1,0,0,0,0,0,0,0,0,0,0,13,28,0.0,0.0,0.0,0.0,1.0,0.0,0.07,119,255,1.0,0.0,0.01,0.01,0.0,0.0,0.0,0.0,normal
0,udp,private,sf,52,54,0,0,0,0,0,0,0,0,0,0,0,0,0,0,0,0,508,508,0.0,0.0,0.0,0.0,1.0,0.0,0.0,255,255,1.0,0.0,0.8,0.0,0.0,0.0,0.0,0.0,normal
0,tcp,other,rej,0,0,0,0,0,0,0,0,0,0,0,0,0,0,0,0,0,0,458,1,0.14,0.0,0.86,1.0,0.0,1.0,0.0,255,1,0.0,0.91,0.0,0.0,0.13,0.0,0.87,1.0,satan
0,tcp,pop_3,s0,0,0,0,0,0,0,0,0,0,0,0,0,0,0,0,0,0,0,1,3,1.0,1.0,0.0,0.0,1.0,0.0,1.0,15,52,0.33,0.2,0.07,0.04,1.0,0.1,0.0,0.88,mscan
0,tcp,http,sf,232,384,0,0,0,0,0,1,0,0,0,0,0,0,0,0,0,0,14,14,0.0,0.0,0.0,0.0,1.0,0.0,0.0,14,255,1.0,0.0,0.07,0.03,0.0,0.0,0.0,0.0,normal
0,tcp,http,sf,193,313,0,0,0,0,0,1,0,0,0,0,0,0,0,0,0,0,31,31,0.0,0.0,0.0,0.0,1.0,0.0,0.0,81,255,1.0,0.0,0.01,0.04,0.0,0.0,0.0,0.0,normal
0,tcp,other,rej,0,0,0,0,0,0,0,0,0,0,0,0,0,0,0,0,0,0,510,1,0.07,0.0,0.93,1.0,0.0,1.0,0.0,255,1,0.0,1.0,0.0,0.0,0.0,0.0,1.0,1.0,satan
0,icmp,ecr_i,sf,1008,0,0,0,0,0,0,0,0,0,0,0,0,0,0,0,0,0,405,405,0.0,0.0,0.0,0.0,1.0,0.0,0.0,255,255,1.0,0.0,1.0,0.0,0.0,0.0,0.0,0.0,smurf
0,icmp,ecr_i,sf,1032,0,0,0,0,0,0,0,0,0,0,0,0,0,0,0,0,0,477,477,0.0,0.0,0.0,0.0,1.0,0.0,0.0,255,255,1.0,0.0,1.0,0.0,0.0,0.0,0.0,0.0,smurf
0,udp,private,sf,52,49,0,0,0,0,0,0,0,0,0,0,0,0,0,0,0,0,509,509,0.0,0.0,0.0,0.0,1.0,0.0,0.0,255,255,1.0,0.0,1.0,0.0,0.0,0.0,0.0,0.0,normal
0,udp,private,sf,105,146,0,0,0,0,0,0,0,0,0,0,0,0,0,0,0,0,1,1,0.0,0.0,0.0,0.0,1.0,0.0,0.0,13,13,1.0,0.0,0.08,0.0,0.0,0.0,0.0,0.0,snmpgetattack
0,tcp,http,sf,315,4597,0,0,0,0,0,1,0,0,0,0,0,0,0,0,0,0,8,49,0.0,0.0,0.0,0.0,1.0,0.0,0.16,255,255,1.0,0.0,0.0,0.0,0.0,0.0,0.0,0.0,normal
0,icmp,ecr_i,sf,40008,0,0,0,0,0,0,0,0,0,0,0,0,0,0,0,0,0,3,3,0.0,0.0,0.0,0.0,1.0,0.0,0.0,81,81,1.0,0.0,1.0,0.0,0.0,0.0,0.0,0.0,normal
280,tcp,ftp_data,sf,283618,0,0,0,0,2,0,0,0,0,0,0,0,0,0,0,0,0,1,1,0.0,0.0,0.0,0.0,1.0,0.0,0.0,4,1,0.25,0.5,0.25,0.0,0.0,0.0,0.0,0.0,warezmaster
0,tcp,http,sf,230,327,0,0,0,0,0,1,0,0,0,0,0,0,0,0,0,0,11,21,0.0,0.0,0.0,0.0,1.0,0.0,0.14,218,255,1.0,0.0,0.0,0.01,0.0,0.0,0.0,0.0,normal
0,tcp,http,sf,215,260,0,0,0,0,0,1,0,0,0,0,0,0,0,0,0,0,1,24,0.0,0.0,0.0,0.0,1.0,0.0,0.08,17,255,1.0,0.0,0.06,0.05,0.0,0.0,0.0,0.0,normal
1,tcp,smtp,sf,2599,293,0,0,0,0,0,1,0,0,0,0,0,0,0,0,0,0,3,2,0.0,0.0,0.33,0.0,0.67,0.67,0.0,255,243,0.95,0.05,0.0,0.0,0.0,0.0,0.04,0.0,mailbomb
0,tcp,sunrpc,rej,0,0,0,0,0,0,0,0,0,0,0,0,0,0,0,0,0,0,1,7,0.0,0.0,1.0,1.0,1.0,0.0,1.0,71,38,0.17,0.07,0.01,0.05,0.0,0.0,0.87,1.0,mscan
0,tcp,ssh,rej,0,0,0,0,0,0,0,0,0,0,0,0,0,0,0,0,0,0,243,8,0.0,0.0,1.0,1.0,0.03,0.07,0.0,255,8,0.03,0.07,0.0,0.0,0.0,0.0,1.0,1.0,neptune
7570,tcp,telnet,sf,0,44,0,0,0,0,0,0,0,0,0,0,0,0,0,0,0,0,1,1,0.0,0.0,0.0,0.0,1.0,0.0,0.0,255,165,0.65,0.33,0.0,0.0,0.49,0.76,0.33,0.01,processtable
0,udp,domain_u,sf,42,128,0,0,0,0,0,0,0,0,0,0,0,0,0,0,0,0,54,208,0.0,0.0,0.0,0.0,1.0,0.0,0.01,185,216,0.89,0.01,0.89,0.01,0.0,0.0,0.06,0.0,normal
0,tcp,http,sf,278,14781,0,0,0,0,0,1,0,0,0,0,0,0,0,0,0,0,1,4,0.0,0.0,0.0,0.0,1.0,0.0,1.0,13,255,1.0,0.0,0.08,0.06,0.0,0.0,0.0,0.0,normal
0,tcp,http,rej,0,0,0,0,0,0,0,0,0,0,0,0,0,0,0,0,0,0,104,4,0.0,0.0,1.0,1.0,0.04,0.07,0.0,255,4,0.02,0.06,0.0,0.0,0.4,0.0,0.6,1.0,neptune
5,tcp,pop_3,sf,25,93,0,0,0,0,0,1,0,0,0,0,0,0,0,0,0,0,1,1,0.0,0.0,0.0,0.0,1.0,0.0,0.0,255,231,0.91,0.02,0.0,0.0,0.0,0.0,0.06,0.0,guess_passwd
0,tcp,telnet,sf,121,174,0,0,0,0,1,0,0,0,0,0,0,0,0,0,0,0,1,1,0.0,0.0,0.0,0.0,1.0,0.0,0.0,255,230,0.9,0.02,0.0,0.0,0.0,0.0,0.02,0.03,guess_passwd
0,tcp,http,sf,231,1487,0,0,0,0,0,1,0,0,0,0,0,0,0,0,0,0,7,7,0.0,0.0,0.0,0.0,1.0,0.0,0.0,229,255,1.0,0.0,0.0,0.01,0.0,0.0,0.0,0.0,normal
0,tcp,http,sf,303,175,0,0,0,0,0,1,0,0,0,0,0,0,0,0,0,0,4,7,0.0,0.0,0.0,0.0,1.0,0.0,0.29,168,255,1.0,0.0,0.01,0.03,0.0,0.0,0.0,0.0,normal
0,tcp,http,sf,54540,8314,0,0,0,2,0,1,1,0,0,0,0,0,0,0,0,0,4,24,0.0,0.0,0.0,0.0,1.0,0.0,0.17,255,248,0.97,0.01,0.0,0.0,0.0,0.0,0.06,0.06,back
0,tcp,private,rej,0,0,0,0,0,0,0,0,0,0,0,0,0,0,0,0,0,0,112,4,0.0,0.0,1.0,1.0,0.04,0.08,0.0,255,4,0.02,0.07,0.0,0.0,0.0,0.0,1.0,1.0,neptune
0,icmp,ecr_i,sf,1032,0,0,0,0,0,0,0,0,0,0,0,0,0,0,0,0,0,274,274,0.0,0.0,0.0,0.0,1.0,0.0,0.0,255,255,1.0,0.0,1.0,0.0,0.0,0.0,0.0,0.0,smurf
0,udp,domain_u,sf,45,74,0,0,0,0,0,0,0,0,0,0,0,0,0,0,0,0,122,122,0.0,0.0,0.0,0.0,1.0,0.0,0.0,255,253,0.99,0.01,0.01,0.0,0.0,0.0,0.0,0.0,normal
0,tcp,http,sf,215,1769,0,0,0,0,0,1,0,0,0,0,0,0,0,0,0,0,32,33,0.0,0.0,0.0,0.0,1.0,0.0,0.06,255,255,1.0,0.0,0.0,0.0,0.01,0.01,0.0,0.0,normal
0,tcp,http,sf,306,4283,0,0,0,0,0,1,0,0,0,0,0,0,0,0,0,0,20,21,0.0,0.0,0.0,0.0,1.0,0.0,0.1,255,255,1.0,0.0,0.0,0.0,0.0,0.0,0.0,0.0,normal
2060,tcp,http,rstr,72564,0,0,0,0,0,0,1,0,0,0,0,0,0,0,0,0,0,8,8,0.0,0.0,1.0,1.0,1.0,0.0,0.0,255,243,0.95,0.01,0.0,0.0,0.02,0.02,0.31,0.33,apache2
0,tcp,http,sf,203,2996,0,0,0,0,0,1,0,0,0,0,0,0,0,0,0,0,37,37,0.0,0.0,0.0,0.0,1.0,0.0,0.0,255,255,1.0,0.0,0.0,0.0,0.0,0.0,0.0,0.0,normal
0,tcp,name,rej,0,0,0,0,0,0,0,0,0,0,0,0,0,0,0,0,0,0,213,18,0.0,0.0,1.0,1.0,0.08,0.06,0.0,255,18,0.07,0.06,0.0,0.0,0.0,0.0,1.0,1.0,neptune
0,tcp,http,sf,316,4100,0,0,0,0,0,1,0,0,0,0,0,0,0,0,0,0,3,3,0.0,0.0,0.0,0.0,1.0,0.0,0.0,57,246,1.0,0.0,0.02,0.03,0.0,0.0,0.0,0.0,normal
0,tcp,ftp_data,sf,12,0,0,0,0,0,0,0,0,0,0,0,0,0,0,0,0,0,2,2,0.0,0.0,0.0,0.0,1.0,0.0,0.0,2,13,1.0,0.0,1.0,0.31,0.0,0.0,0.0,0.0,warezmaster
0,icmp,ecr_i,sf,1008,0,0,0,0,0,0,0,0,0,0,0,0,0,0,0,0,0,92,92,0.0,0.0,0.0,0.0,1.0,0.0,0.0,255,255,1.0,0.0,1.0,0.0,0.0,0.0,0.0,0.0,smurf
0,tcp,private,rej,0,0,0,0,0,0,0,0,0,0,0,0,0,0,0,0,0,0,213,8,0.0,0.0,1.0,1.0,0.04,0.06,0.0,255,8,0.03,0.06,0.0,0.0,0.0,0.0,1.0,1.0,neptune
0,tcp,private,s0,0,0,0,0,0,0,0,0,0,0,0,0,0,0,0,0,0,0,120,6,1.0,1.0,0.0,0.0,0.05,0.07,0.0,255,6,0.02,0.07,0.0,0.0,1.0,1.0,0.0,0.0,neptune
0,tcp,smtp,rej,0,0,0,0,0,0,0,0,0,0,0,0,0,0,0,0,0,0,1,2,0.0,0.0,1.0,0.5,1.0,0.0,1.0,255,1,0.0,0.72,0.0,0.0,0.0,0.0,0.05,1.0,normal
0,tcp,http,sf,201,762,0,0,0,0,0,1,0,0,0,0,0,0,0,0,0,0,5,23,0.0,0.0,0.0,0.0,1.0,0.0,0.17,98,255,1.0,0.0,0.01,0.01,0.0,0.0,0.0,0.0,normal
20741,udp,other,sf,146,105,0,0,0,0,0,0,0,0,0,0,0,0,0,0,0,0,1,1,0.0,0.0,0.0,0.0,1.0,0.0,0.0,255,7,0.03,0.06,0.18,0.0,0.0,0.0,0.01,0.0,normal
0,tcp,http,sf,206,1214,0,0,0,0,0,1,0,0,0,0,0,0,0,0,0,0,9,9,0.0,0.0,0.0,0.0,1.0,0.0,0.0,255,255,1.0,0.0,0.0,0.0,0.0,0.0,0.0,0.0,normal
5,tcp,pop_3,sf,32,93,0,0,0,0,0,1,0,0,0,0,0,0,0,0,0,0,1,1,0.0,0.0,0.0,0.0,1.0,0.0,0.0,89,76,0.84,0.03,0.01,0.03,0.0,0.0,0.11,0.0,guess_passwd
0,tcp,http,sf,230,49759,0,0,0,0,0,1,0,0,0,0,0,0,0,0,0,0,1,1,0.0,0.0,0.0,0.0,1.0,0.0,0.0,255,255,1.0,0.0,0.0,0.0,0.0,0.0,0.0,0.0,normal
0,udp,other,sf,1,1,0,0,0,0,0,0,0,0,0,0,0,0,0,0,0,0,410,1,0.0,0.0,0.0,0.0,0.0,1.0,0.0,255,1,0.0,1.0,1.0,0.0,0.0,0.0,0.0,0.0,satan
0,tcp,private,s0,0,0,0,0,0,0,0,0,0,0,0,0,0,0,0,0,0,0,115,4,0.82,0.5,0.18,0.5,0.03,0.07,0.0,255,4,0.02,0.06,0.0,0.0,0.54,0.5,0.46,0.5,neptune
0,tcp,ftp,s0,0,0,0,0,0,0,0,0,0,0,0,0,0,0,0,0,0,0,266,18,1.0,1.0,0.0,0.0,0.07,0.06,0.0,255,18,0.07,0.06,0.0,0.0,1.0,1.0,0.0,0.0,neptune
0,tcp,private,s0,0,0,0,0,0,0,0,0,0,0,0,0,0,0,0,0,0,0,242,7,1.0,1.0,0.0,0.0,0.03,0.06,0.0,255,7,0.03,0.07,0.0,0.0,1.0,1.0,0.0,0.0,neptune
0,tcp,http,sf,288,175,0,0,0,0,0,1,0,0,0,0,0,0,0,0,0,0,15,15,0.0,0.0,0.0,0.0,1.0,0.0,0.0,15,255,1.0,0.0,0.07,0.03,0.0,0.0,0.0,0.0,normal
0,tcp,private,sh,0,0,0,0,0,0,0,0,0,0,0,0,0,0,0,0,0,0,1,1,1.0,1.0,0.0,0.0,1.0,0.0,0.0,197,1,0.01,1.0,1.0,0.0,1.0,1.0,0.0,0.0,nmap
0,tcp,http,sf,173,3917,0,0,0,0,0,1,0,0,0,0,0,0,0,0,0,0,4,20,0.0,0.0,0.0,0.0,1.0,0.0,0.2,21,255,1.0,0.0,0.05,0.01,0.0,0.0,0.0,0.0,normal
0,icmp,ecr_i,sf,1032,0,0,0,0,0,0,0,0,0,0,0,0,0,0,0,0,0,509,509,0.0,0.0,0.0,0.0,1.0,0.0,0.0,31,30,0.97,0.06,0.97,0.0,0.0,0.0,0.0,0.0,smurf
0,tcp,private,rej,0,0,0,0,0,0,0,0,0,0,0,0,0,0,0,0,0,0,250,16,0.0,0.0,1.0,1.0,0.06,0.06,0.0,255,16,0.06,0.08,0.0,0.0,0.0,0.0,1.0,1.0,neptune
280,tcp,ftp_data,sf,283618,0,0,0,0,0,0,0,0,0,0,0,0,0,0,0,0,0,2,2,0.0,0.0,0.0,0.0,1.0,0.0,0.0,12,12,1.0,0.0,1.0,0.0,0.0,0.0,0.0,0.0,warezmaster
0,tcp,telnet,s3,0,44,0,0,0,0,0,0,0,0,0,0,0,0,0,0,0,0,1,1,1.0,1.0,0.0,0.0,1.0,0.0,0.0,255,126,0.49,0.02,0.0,0.0,0.53,0.41,0.01,0.01,processtable
0,tcp,http,sf,359,283,0,0,0,0,0,1,0,0,0,0,0,0,0,0,0,0,2,3,0.0,0.0,0.0,0.0,1.0,0.0,0.67,2,255,1.0,0.0,0.5,0.01,0.0,0.0,0.0,0.0,normal
0,tcp,smtp,sf,604,435,0,0,0,0,0,1,0,0,0,0,0,0,0,0,0,0,1,2,0.0,0.0,0.0,0.0,1.0,0.0,1.0,255,11,0.04,0.06,0.0,0.0,0.0,0.0,0.95,0.0,normal
0,tcp,ctf,rej,0,0,0,0,0,0,0,0,0,0,0,0,0,0,0,0,0,0,245,5,0.0,0.0,1.0,1.0,0.02,0.06,0.0,255,5,0.02,0.07,0.0,0.0,0.0,0.0,1.0,1.0,neptune
0,tcp,private,rej,0,0,0,0,0,0,0,0,0,0,0,0,0,0,0,0,0,0,214,6,0.71,0.0,0.29,1.0,0.03,0.07,0.0,255,6,0.02,0.08,0.0,0.0,0.7,0.0,0.3,1.0,neptune
0,icmp,ecr_i,sf,508,0,0,0,0,0,0,0,0,0,0,0,0,0,0,0,0,0,14,14,0.0,0.0,0.0,0.0,1.0,0.0,0.0,255,255,1.0,0.0,1.0,0.0,0.0,0.0,0.0,0.0,smurf
0,tcp,rje,s0,0,0,0,0,0,0,0,0,0,0,0,0,0,0,0,0,0,0,150,20,1.0,1.0,0.0,0.0,0.13,0.06,0.0,255,20,0.08,0.05,0.0,0.0,1.0,1.0,0.0,0.0,neptune
0,tcp,telnet,s0,0,0,0,0,0,0,0,0,0,0,0,0,0,0,0,0,0,0,1,10,1.0,0.4,0.0,0.2,1.0,0.0,0.7,76,86,0.34,0.04,0.03,0.03,1.0,1.0,0.0,0.0,mscan
0,tcp,other,sf,240,611,0,0,0,0,0,0,0,0,0,0,0,0,0,0,0,0,2,2,0.0,0.0,0.0,0.0,1.0,0.0,0.0,255,21,0.08,0.02,0.0,0.0,0.0,0.0,0.08,0.86,httptunnel
0,tcp,ftp,rsto,0,0,0,0,0,0,0,0,0,0,0,0,0,0,0,0,0,0,220,13,0.0,0.0,1.0,1.0,0.06,0.06,0.0,255,13,0.05,0.07,0.0,0.0,0.0,0.0,1.0,1.0,neptune
0,tcp,http,sf,306,2239,0,0,0,0,0,1,0,0,0,0,0,0,0,0,0,0,3,3,0.0,0.0,0.0,0.0,1.0,0.0,0.0,255,253,0.99,0.01,0.0,0.0,0.0,0.0,0.0,0.0,normal
0,udp,private,sf,46,43,0,0,0,0,0,0,0,0,0,0,0,0,0,0,0,0,25,25,0.0,0.0,0.0,0.0,1.0,0.0,0.0,255,255,1.0,0.0,0.09,0.0,0.0,0.0,0.0,0.0,normal
0,tcp,other,rej,0,0,0,0,0,0,0,0,0,0,0,0,0,0,0,0,0,0,381,1,0.15,0.0,0.83,1.0,0.0,1.0,0.0,255,1,0.0,0.98,0.0,0.0,0.07,0.0,0.91,1.0,satan
0,tcp,private,rej,0,0,0,0,0,0,0,0,0,0,0,0,0,0,0,0,0,0,139,11,0.0,0.0,1.0,1.0,0.08,0.06,0.0,255,11,0.04,0.05,0.0,0.0,0.0,0.0,1.0,1.0,neptune
0,udp,domain_u,sf,45,115,0,0,0,0,0,0,0,0,0,0,0,0,0,0,0,0,3,6,0.0,0.0,0.0,0.0,1.0,0.0,0.33,255,252,0.99,0.01,0.0,0.0,0.0,0.0,0.0,0.0,normal
0,udp,domain_u,sf,43,81,0,0,0,0,0,0,0,0,0,0,0,0,0,0,0,0,146,146,0.0,0.0,0.0,0.0,1.0,0.0,0.0,73,50,0.68,0.03,0.01,0.0,0.0,0.0,0.0,0.0,normal
0,tcp,http,s0,0,0,0,0,0,0,0,0,0,0,0,0,0,0,0,0,0,0,7,7,1.0,1.0,0.0,0.0,1.0,0.0,0.0,255,7,0.03,0.07,0.0,0.0,0.83,1.0,0.02,0.0,neptune
0,tcp,telnet,sf,122,174,0,0,0,0,1,0,0,0,0,0,0,0,0,0,0,0,1,1,0.0,0.0,0.0,0.0,1.0,0.0,0.0,255,254,1.0,0.01,0.0,0.0,0.01,0.01,0.01,0.01,guess_passwd
0,tcp,other,rej,0,0,0,0,0,0,0,0,0,0,0,0,0,0,0,0,0,0,490,1,0.05,0.0,0.95,1.0,0.0,1.0,0.0,255,1,0.0,1.0,0.0,0.0,0.04,0.0,0.96,1.0,saint
0,tcp,ftp,sf,26,157,0,0,0,0,1,0,0,0,0,0,0,0,0,0,0,1,1,1,0.0,0.0,0.0,0.0,1.0,0.0,0.0,69,39,0.57,0.06,0.01,0.0,0.0,0.0,0.0,0.0,guess_passwd
0,tcp,http,sf,334,1365,0,0,0,0,0,1,0,0,0,0,0,0,0,0,0,0,10,10,0.0,0.0,0.0,0.0,1.0,0.0,0.0,255,255,1.0,0.0,0.0,0.0,0.0,0.0,0.0,0.0,normal
0,udp,private,sf,52,55,0,0,0,0,0,0,0,0,0,0,0,0,0,0,0,0,508,508,0.0,0.0,0.0,0.0,1.0,0.0,0.0,255,255,1.0,0.0,0.82,0.0,0.0,0.0,0.0,0.0,normal
0,tcp,private,rej,0,0,0,0,0,0,0,0,0,0,0,0,0,0,0,0,0,0,280,5,0.0,0.0,1.0,1.0,0.02,0.06,0.0,255,5,0.02,0.06,0.0,0.0,0.0,0.0,1.0,1.0,neptune
0,tcp,private,sh,0,0,0,0,0,0,0,0,0,0,0,0,0,0,0,0,0,0,1,1,1.0,1.0,0.0,0.0,1.0,0.0,0.0,151,1,0.01,1.0,1.0,0.0,1.0,1.0,0.0,0.0,nmap
0,icmp,ecr_i,sf,30,0,0,0,0,0,0,0,0,0,0,0,0,0,0,0,0,0,1,1,0.0,0.0,0.0,0.0,1.0,0.0,0.0,101,101,1.0,0.0,1.0,0.0,0.0,0.0,0.0,0.0,normal
0,icmp,ecr_i,sf,520,0,0,0,0,0,0,0,0,0,0,0,0,0,0,0,0,0,511,511,0.0,0.0,0.0,0.0,1.0,0.0,0.0,251,251,1.0,0.0,1.0,0.0,0.0,0.0,0.0,0.0,smurf
0,tcp,finger,rsto,0,0,0,0,0,0,0,0,0,0,0,0,0,0,0,0,0,0,245,19,0.0,0.0,1.0,1.0,0.08,0.07,0.0,255,19,0.07,0.07,0.0,0.0,0.0,0.0,1.0,1.0,neptune
0,tcp,http,sf,54540,8314,0,0,0,2,0,1,1,0,0,0,0,0,0,0,0,0,4,14,0.0,0.0,0.0,0.0,1.0,0.0,0.14,255,255,1.0,0.0,0.0,0.0,0.01,0.01,0.05,0.05,back
0,tcp,http,sf,338,350,0,0,0,0,0,1,0,0,0,0,0,0,0,0,0,0,14,14,0.0,0.0,0.0,0.0,1.0,0.0,0.0,255,255,1.0,0.0,0.0,0.0,0.0,0.0,0.0,0.0,normal
0,tcp,uucp,rsto,0,0,0,0,0,0,0,0,0,0,0,0,0,0,0,0,0,0,125,10,0.0,0.0,1.0,1.0,0.08,0.06,0.0,255,10,0.04,0.06,0.0,0.0,0.0,0.0,1.0,1.0,neptune
0,tcp,http,sf,266,449,0,0,0,0,0,1,0,0,0,0,0,0,0,0,0,0,11,11,0.0,0.0,0.0,0.0,1.0,0.0,0.0,26,255,1.0,0.0,0.04,0.02,0.0,0.0,0.0,0.0,normal
0,tcp,private,rej,0,0,0,0,0,0,0,0,0,0,0,0,0,0,0,0,0,0,222,10,0.0,0.0,1.0,1.0,0.05,0.06,0.0,255,10,0.04,0.08,0.0,0.0,0.0,0.0,1.0,1.0,neptune
0,udp,domain_u,sf,44,71,0,0,0,0,0,0,0,0,0,0,0,0,0,0,0,0,116,115,0.0,0.0,0.0,0.0,0.99,0.02,0.0,255,253,0.99,0.01,0.01,0.0,0.0,0.0,0.0,0.0,normal
0,tcp,sunrpc,rsto,0,0,0,0,0,0,0,0,0,0,0,0,0,0,0,0,0,0,2,1,0.0,0.0,1.0,1.0,0.5,1.0,0.0,255,1,0.0,1.0,1.0,0.0,0.0,0.0,1.0,1.0,portsweep
0,tcp,private,s0,0,0,0,0,0,0,0,0,0,0,0,0,0,0,0,0,0,0,270,7,1.0,1.0,0.0,0.0,0.03,0.06,0.0,255,7,0.03,0.07,0.0,0.0,1.0,1.0,0.0,0.0,neptune
0,tcp,http,sf,322,769,0,0,0,0,0,1,0,0,0,0,0,0,0,0,0,0,12,26,0.0,0.0,0.0,0.0,1.0,0.0,0.23,215,255,1.0,0.0,0.0,0.02,0.0,0.0,0.0,0.0,normal
0,icmp,ecr_i,sf,30,0,0,0,0,0,0,0,0,0,0,0,0,0,0,0,0,0,1,1,0.0,0.0,0.0,0.0,1.0,0.0,0.0,8,11,1.0,0.0,1.0,0.18,0.0,0.0,0.0,0.0,normal
0,udp,other,sf,1,1,0,0,0,0,0,0,0,0,0,0,0,0,0,0,0,0,141,1,0.0,0.0,0.0,0.0,0.01,1.0,0.0,255,1,0.0,1.0,1.0,0.0,0.0,0.0,0.0,0.0,satan
0,icmp,ecr_i,sf,1032,0,0,0,0,0,0,0,0,0,0,0,0,0,0,0,0,0,318,318,0.0,0.0,0.0,0.0,1.0,0.0,0.0,255,255,1.0,0.0,1.0,0.0,0.0,0.0,0.0,0.0,smurf
0,tcp,http,s0,0,0,0,0,0,0,0,0,0,0,0,0,0,0,0,0,0,0,102,102,1.0,1.0,0.0,0.0,1.0,0.0,0.0,255,255,1.0,0.0,0.0,0.0,0.62,0.62,0.35,0.35,apache2
0,tcp,http,sf,307,3842,0,0,0,0,0,1,0,0,0,0,0,0,0,0,0,0,4,4,0.0,0.0,0.0,0.0,1.0,0.0,0.0,4,249,1.0,0.0,0.25,0.05,0.0,0.0,0.0,0.0,normal
0,tcp,private,rej,0,0,0,0,0,0,0,0,0,0,0,0,0,0,0,0,0,0,125,17,0.0,0.0,1.0,1.0,0.14,0.06,0.0,255,17,0.07,0.06,0.0,0.0,0.0,0.0,1.0,1.0,neptune
0,tcp,whois,s0,0,0,0,0,0,0,0,0,0,0,0,0,0,0,0,0,0,0,226,5,1.0,1.0,0.0,0.0,0.02,0.06,0.0,255,5,0.02,0.07,0.0,0.0,1.0,1.0,0.0,0.0,neptune
0,udp,domain_u,sf,45,45,0,0,0,0,0,0,0,0,0,0,0,0,0,0,0,0,6,10,0.0,0.0,0.0,0.0,1.0,0.0,0.2,255,250,0.98,0.01,0.01,0.0,0.0,0.0,0.0,0.0,normal
0,tcp,smtp,sf,1407,331,0,0,0,0,0,1,0,0,0,0,0,0,0,0,0,0,1,2,0.0,0.0,0.0,0.0,1.0,0.0,1.0,137,150,0.42,0.05,0.01,0.01,0.0,0.0,0.02,0.02,normal
0,tcp,http,sf,230,5388,0,0,0,0,0,1,0,0,0,0,0,0,0,0,0,0,1,1,0.0,0.0,0.0,0.0,1.0,0.0,0.0,91,255,1.0,0.0,0.01,0.02,0.0,0.0,0.0,0.0,normal
2072,tcp,http,rstr,56504,0,0,0,0,0,0,1,0,0,0,0,0,0,0,0,0,0,10,10,0.1,0.1,0.9,0.9,1.0,0.0,0.0,255,242,0.95,0.01,0.0,0.0,0.02,0.02,0.26,0.27,apache2
0,tcp,http,sf,306,1582,0,0,0,0,0,1,0,0,0,0,0,0,0,0,0,0,20,20,0.0,0.0,0.0,0.0,1.0,0.0,0.0,213,255,1.0,0.0,0.0,0.02,0.0,0.0,0.0,0.0,normal
0,tcp,time,sf,0,4,0,0,0,0,0,0,0,0,0,0,0,0,0,0,0,0,1,1,0.0,0.0,0.0,0.0,1.0,0.0,0.0,10,8,0.8,0.2,0.1,0.0,0.0,0.0,0.0,0.0,normal
0,icmp,ecr_i,sf,1032,0,0,0,0,0,0,0,0,0,0,0,0,0,0,0,0,0,324,324,0.0,0.0,0.0,0.0,1.0,0.0,0.0,255,255,1.0,0.0,1.0,0.0,0.0,0.0,0.0,0.0,smurf
0,icmp,eco_i,sf,40008,0,0,0,0,0,0,0,0,0,0,0,0,0,0,0,0,0,3,3,0.0,0.0,0.0,0.0,1.0,0.0,0.0,117,145,0.06,0.04,0.06,0.48,0.0,0.0,0.03,0.0,normal
0,tcp,private,rej,0,0,0,0,0,0,0,0,0,0,0,0,0,0,0,0,0,0,261,8,0.13,0.0,0.87,1.0,0.03,0.07,0.0,255,8,0.03,0.07,0.0,0.0,0.14,0.0,0.86,1.0,neptune
0,tcp,http,sf,229,772,0,0,0,0,0,1,0,0,0,0,0,0,0,0,0,0,13,13,0.0,0.0,0.0,0.0,1.0,0.0,0.0,13,247,1.0,0.0,0.08,0.02,0.0,0.0,0.0,0.0,normal
0,tcp,ftp_data,sf,40494,0,0,0,0,0,0,0,0,0,0,0,0,0,0,0,0,0,9,9,0.0,0.0,0.0,0.0,1.0,0.0,0.0,88,38,0.22,0.05,0.22,0.05,0.0,0.0,0.0,0.0,normal
4,tcp,pop_3,sf,27,93,0,0,0,0,0,1,0,0,0,0,0,0,0,0,0,0,1,1,0.0,0.0,0.0,0.0,1.0,0.0,0.0,255,223,0.87,0.02,0.0,0.0,0.0,0.0,0.02,0.0,guess_passwd
4,tcp,pop_3,sf,28,93,0,0,0,0,0,1,0,0,0,0,0,0,0,0,0,0,1,1,0.0,0.0,0.0,0.0,1.0,0.0,0.0,255,236,0.93,0.01,0.0,0.0,0.0,0.0,0.04,0.0,guess_passwd
282,tcp,ftp,sf,164,601,0,0,0,2,0,1,0,0,0,0,0,0,0,0,0,1,3,1,0.0,0.0,0.0,0.0,0.33,0.67,0.0,255,1,0.0,0.04,0.0,0.0,0.0,0.0,0.03,0.0,warezmaster
0,udp,domain_u,sf,44,130,0,0,0,0,0,0,0,0,0,0,0,0,0,0,0,0,112,192,0.0,0.0,0.0,0.0,0.99,0.02,0.01,255,254,1.0,0.01,0.0,0.0,0.0,0.0,0.0,0.0,normal
0,tcp,private,s0,0,0,0,0,0,0,0,0,0,0,0,0,0,0,0,0,0,0,137,9,1.0,1.0,0.0,0.0,0.07,0.06,0.0,255,9,0.04,0.06,0.0,0.0,1.0,1.0,0.0,0.0,neptune
0,tcp,private,rej,0,0,0,0,0,0,0,0,0,0,0,0,0,0,0,0,0,0,250,19,0.0,0.0,1.0,1.0,0.08,0.06,0.0,255,19,0.07,0.06,0.0,0.0,0.0,0.0,1.0,1.0,neptune
0,tcp,http,sf,295,1269,0,0,0,0,0,1,0,0,0,0,0,0,0,0,0,0,1,2,0.0,0.0,0.0,0.0,1.0,0.0,1.0,1,255,1.0,0.0,1.0,0.04,0.0,0.0,0.0,0.0,normal
1,tcp,smtp,sf,1292,331,0,0,0,0,0,1,0,0,0,0,0,0,0,0,0,0,1,4,0.0,0.0,0.0,0.0,1.0,0.0,1.0,133,104,0.78,0.03,0.01,0.0,0.0,0.0,0.0,0.0,normal
1,tcp,telnet,sf,24,109,0,0,0,0,0,0,0,0,0,0,0,0,0,0,0,0,3,2,0.0,0.0,0.67,0.0,0.33,1.0,1.0,146,84,0.32,0.03,0.01,0.02,0.0,0.0,0.9,0.7,mscan
0,tcp,http,sf,229,2494,0,0,0,0,0,1,0,0,0,0,0,0,0,0,0,0,10,10,0.0,0.0,0.0,0.0,1.0,0.0,0.0,218,255,1.0,0.0,0.0,0.03,0.0,0.0,0.0,0.0,normal
0,udp,private,sf,45,44,0,0,0,0,0,0,0,0,0,0,0,0,0,0,0,0,511,511,0.0,0.0,0.0,0.0,1.0,0.0,0.0,255,255,1.0,0.0,0.85,0.0,0.0,0.0,0.0,0.0,normal
0,tcp,http,sf,219,14999,0,0,0,0,0,1,0,0,0,0,0,0,0,0,0,0,7,8,0.0,0.0,0.0,0.0,1.0,0.0,0.25,105,255,1.0,0.0,0.01,0.01,0.0,0.0,0.0,0.0,normal
0,tcp,http,sf,254,4328,0,0,0,0,0,1,0,0,0,0,0,0,0,0,0,0,5,5,0.0,0.0,0.0,0.0,1.0,0.0,0.0,132,255,1.0,0.0,0.01,0.03,0.0,0.0,0.0,0.0,normal
0,tcp,private,s0,0,0,0,0,0,0,0,0,0,0,0,0,0,0,0,0,0,0,141,6,1.0,1.0,0.0,0.0,0.04,0.1,0.0,255,6,0.02,0.09,0.0,0.0,1.0,1.0,0.0,0.0,neptune
280,tcp,ftp_data,sf,283618,0,0,0,0,0,0,0,0,0,0,0,0,0,0,0,0,0,2,2,0.0,0.0,0.0,0.0,1.0,0.0,0.0,8,30,1.0,0.0,1.0,0.17,0.0,0.0,0.0,0.0,warezmaster
0,tcp,private,rej,0,0,0,0,0,0,0,0,0,0,0,0,0,0,0,0,0,0,130,8,0.0,0.0,1.0,1.0,0.06,0.06,0.0,255,8,0.03,0.06,0.0,0.0,0.0,0.0,1.0,1.0,neptune
7,tcp,pop_3,sf,30,93,0,0,0,0,0,1,0,0,0,0,0,0,0,0,0,0,2,1,0.0,0.0,0.0,0.0,0.5,1.0,0.0,255,249,0.98,0.01,0.0,0.0,0.0,0.0,0.02,0.0,guess_passwd
0,udp,private,sf,44,44,0,0,0,0,0,0,0,0,0,0,0,0,0,0,0,0,1,1,0.0,0.0,0.0,0.0,1.0,0.0,0.0,255,255,1.0,0.0,0.01,0.0,0.0,0.0,0.0,0.0,snmpguess
282,tcp,ftp,sf,153,593,0,0,0,2,0,1,0,0,0,0,0,0,0,0,0,1,1,1,0.0,0.0,0.0,0.0,1.0,0.0,0.0,255,14,0.05,0.72,0.0,0.0,0.0,0.0,0.73,0.07,warezmaster
4,tcp,pop_3,sf,32,93,0,0,0,0,0,1,0,0,0,0,0,0,0,0,0,0,1,1,0.0,0.0,0.0,0.0,1.0,0.0,0.0,27,28,1.0,0.0,0.04,0.07,0.0,0.0,0.0,0.0,guess_passwd
0,tcp,http,sf,336,7143,0,0,0,0,0,1,0,0,0,0,0,0,0,0,0,0,5,5,0.0,0.0,0.0,0.0,1.0,0.0,0.0,255,255,1.0,0.0,0.0,0.0,0.0,0.0,0.0,0.0,normal
2058,tcp,http,rstr,72564,0,0,0,0,0,0,1,0,0,0,0,0,0,0,0,0,0,8,8,0.0,0.0,1.0,1.0,1.0,0.0,0.0,255,244,0.96,0.01,0.0,0.0,0.02,0.02,0.45,0.48,apache2
280,tcp,ftp_data,sf,283618,0,0,0,0,0,0,0,0,0,0,0,0,0,0,0,0,0,2,3,0.0,0.0,0.0,0.0,1.0,0.0,0.67,2,2,1.0,0.0,1.0,0.0,0.0,0.0,0.0,0.0,warezmaster
0,udp,private,sf,1,1,0,0,0,0,0,0,0,0,0,0,0,0,0,0,0,0,10,1,0.0,0.0,0.0,0.0,0.1,0.3,0.0,255,1,0.0,0.21,0.92,0.0,0.0,0.0,0.05,0.0,saint
3,tcp,pop_3,rsto,0,36,0,0,0,0,0,1,0,0,0,0,0,0,0,0,0,0,2,1,0.0,0.0,0.5,1.0,0.5,1.0,0.0,86,61,0.27,0.06,0.01,0.03,0.0,0.0,0.91,1.0,mscan
0,tcp,telnet,s0,0,0,0,0,0,0,0,0,0,0,0,0,0,0,0,0,0,0,116,116,1.0,1.0,0.0,0.0,1.0,0.0,0.0,255,255,1.0,0.0,0.0,0.0,1.0,1.0,0.0,0.0,neptune
3,tcp,telnet,sf,24,109,0,0,0,0,0,0,0,0,0,0,0,0,0,0,0,0,1,10,0.0,0.1,0.0,0.4,1.0,0.0,0.6,90,83,0.32,0.06,0.01,0.02,0.0,0.0,0.9,0.7,mscan
1,tcp,smtp,sf,2599,293,0,0,0,0,0,1,0,0,0,0,0,0,0,0,0,0,2,2,0.0,0.0,0.0,0.0,1.0,0.0,0.0,255,246,0.96,0.04,0.0,0.0,0.0,0.0,0.03,0.0,mailbomb
0,udp,private,sf,1,1,0,0,0,0,0,0,0,0,0,0,0,0,0,0,0,0,18,1,0.0,0.0,0.0,0.0,0.06,0.56,0.0,255,1,0.0,0.73,1.0,0.0,0.0,0.0,0.0,0.0,satan
0,tcp,http,sf,271,285,0,0,0,0,0,1,0,0,0,0,0,0,0,0,0,0,4,4,0.0,0.0,0.0,0.0,1.0,0.0,0.0,255,255,1.0,0.0,0.0,0.0,0.0,0.0,0.0,0.0,normal
0,tcp,http,sf,218,11135,0,0,0,0,0,1,0,0,0,0,0,0,0,0,0,0,6,9,0.0,0.0,0.0,0.0,1.0,0.0,0.33,255,255,1.0,0.0,0.0,0.0,0.0,0.0,0.0,0.0,normal
0,tcp,http,sf,233,2006,0,0,0,0,0,1,0,0,0,0,0,0,0,0,0,0,9,9,0.0,0.0,0.0,0.0,1.0,0.0,0.0,255,255,1.0,0.0,0.0,0.0,0.0,0.0,0.0,0.0,normal
0,tcp,http,sf,241,2003,0,0,0,0,0,1,0,0,0,0,0,0,0,0,0,0,2,2,0.0,0.0,0.0,0.0,1.0,0.0,0.0,63,255,1.0,0.0,0.02,0.04,0.0,0.0,0.0,0.0,normal
0,udp,domain_u,sf,36,96,0,0,0,0,0,0,0,0,0,0,0,0,0,0,0,0,2,11,0.0,0.0,0.0,0.0,1.0,0.0,0.55,13,10,0.77,0.15,0.15,0.0,0.0,0.0,0.0,0.0,normal
0,tcp,telnet,rsto,0,15,0,0,0,0,0,0,0,0,0,0,0,0,0,0,0,0,1,6,0.0,0.17,1.0,0.33,1.0,0.0,0.67,175,88,0.34,0.03,0.01,0.02,0.01,0.01,0.87,0.62,mscan
0,tcp,http,sf,214,1338,0,0,0,0,0,1,0,0,0,0,0,0,0,0,0,0,40,47,0.0,0.0,0.0,0.0,1.0,0.0,0.04,40,255,1.0,0.0,0.03,0.02,0.0,0.0,0.0,0.0,normal
0,tcp,smtp,sf,2113,332,0,0,0,0,0,1,0,0,0,0,0,0,0,0,0,0,1,1,0.0,0.0,0.0,0.0,1.0,0.0,0.0,32,175,0.25,0.09,0.03,0.02,0.0,0.01,0.03,0.05,normal
796,tcp,http,rstr,59424,0,0,0,0,0,0,1,0,0,0,0,0,0,0,0,0,0,75,75,0.03,0.03,0.97,0.97,1.0,0.0,0.0,255,253,0.99,0.01,0.0,0.0,0.01,0.01,0.36,0.36,apache2
0,tcp,private,rej,0,0,0,0,0,0,0,0,0,0,0,0,0,0,0,0,0,0,190,15,0.0,0.0,1.0,1.0,0.08,0.06,0.0,255,15,0.06,0.06,0.0,0.0,0.0,0.0,1.0,1.0,neptune
0,tcp,http,sf,213,174,0,0,0,0,0,1,0,0,0,0,0,0,0,0,0,0,1,1,0.0,0.0,0.0,0.0,1.0,0.0,0.0,84,255,1.0,0.0,0.01,0.01,0.01,0.0,0.0,0.0,normal
0,tcp,pop_3,rsto,0,36,0,0,0,0,0,1,0,0,0,0,0,0,0,0,0,0,1,3,0.0,0.0,1.0,1.0,1.0,0.0,1.0,211,57,0.24,0.02,0.0,0.04,0.0,0.0,0.88,0.98,mscan
0,tcp,http,sf,249,942,0,0,0,0,0,1,0,0,0,0,0,0,0,0,0,0,3,3,0.0,0.0,0.0,0.0,1.0,0.0,0.0,255,255,1.0,0.0,0.0,0.0,0.0,0.0,0.0,0.0,normal
0,icmp,ecr_i,sf,1008,0,0,0,0,0,0,0,0,0,0,0,0,0,0,0,0,0,370,370,0.0,0.0,0.0,0.0,1.0,0.0,0.0,255,255,1.0,0.0,1.0,0.0,0.0,0.0,0.0,0.0,smurf
0,tcp,http,sf,336,12403,0,0,0,0,0,1,0,0,0,0,0,0,0,0,0,0,15,15,0.0,0.0,0.0,0.0,1.0,0.0,0.0,255,255,1.0,0.0,0.0,0.0,0.0,0.0,0.0,0.0,normal
0,udp,private,sf,1,0,0,0,0,0,0,0,0,0,0,0,0,0,0,0,0,0,23,21,0.0,0.0,0.0,0.0,0.91,0.09,0.0,255,21,0.08,0.58,0.95,0.0,0.01,0.0,0.03,0.0,normal
0,tcp,ctf,rej,0,0,0,0,0,0,0,0,0,0,0,0,0,0,0,0,0,0,282,5,0.0,0.0,1.0,1.0,0.02,0.06,0.0,255,5,0.02,0.06,0.0,0.0,0.0,0.0,1.0,1.0,neptune
0,icmp,ecr_i,sf,1032,0,0,0,0,0,0,0,0,0,0,0,0,0,0,0,0,0,276,276,0.0,0.0,0.0,0.0,1.0,0.0,0.0,255,255,1.0,0.0,1.0,0.0,0.0,0.0,0.0,0.0,smurf
282,tcp,ftp,sf,162,599,0,0,0,2,0,1,0,0,0,0,0,0,0,0,0,1,1,1,0.0,0.0,0.0,0.0,1.0,0.0,0.0,255,94,0.37,0.03,0.0,0.0,0.0,0.0,0.0,0.0,warezmaster
0,udp,domain_u,sf,44,44,0,0,0,0,0,0,0,0,0,0,0,0,0,0,0,0,177,177,0.0,0.0,0.0,0.0,1.0,0.0,0.0,255,228,0.89,0.01,0.01,0.0,0.0,0.0,0.0,0.0,normal
1,tcp,smtp,sf,2599,293,0,0,0,0,0,1,0,0,0,0,0,0,0,0,0,0,2,2,0.0,0.0,0.0,0.0,1.0,0.0,0.0,255,194,0.76,0.13,0.0,0.0,0.0,0.0,0.23,0.0,mailbomb
0,tcp,http,sf,175,1465,0,0,0,0,0,1,0,0,0,0,0,0,0,0,0,0,1,1,0.0,0.0,0.0,0.0,1.0,0.0,0.0,255,255,1.0,0.0,0.0,0.0,0.0,0.0,0.0,0.0,normal
0,tcp,http,sf,236,5551,0,0,0,0,0,1,0,0,0,0,0,0,0,0,0,0,11,11,0.0,0.0,0.0,0.0,1.0,0.0,0.0,11,255,1.0,0.0,0.09,0.04,0.0,0.0,0.0,0.0,normal
0,tcp,http,sf,223,7324,0,0,0,0,0,1,0,0,0,0,0,0,0,0,0,0,19,20,0.0,0.0,0.0,0.0,1.0,0.0,0.1,255,255,1.0,0.0,0.01,0.0,0.0,0.0,0.0,0.0,normal
0,tcp,http,sf,259,930,0,0,0,0,0,1,0,0,0,0,0,0,0,0,0,0,7,7,0.0,0.0,0.0,0.0,1.0,0.0,0.0,255,255,1.0,0.0,0.0,0.0,0.0,0.0,0.0,0.0,normal
0,tcp,gopher,rej,0,0,0,0,0,0,0,0,0,0,0,0,0,0,0,0,0,0,203,10,0.0,0.0,1.0,1.0,0.05,0.06,0.0,255,10,0.04,0.07,0.0,0.0,0.0,0.0,1.0,1.0,neptune
0,tcp,http,sf,227,371,0,0,0,0,0,1,0,0,0,0,0,0,0,0,0,0,3,5,0.0,0.0,0.0,0.0,1.0,0.0,0.6,134,255,1.0,0.0,0.01,0.01,0.0,0.0,0.0,0.0,normal
0,tcp,sunrpc,rsto,0,0,0,0,0,0,0,0,0,0,0,0,0,0,0,0,0,0,253,17,0.0,0.0,1.0,1.0,0.07,0.07,0.0,255,17,0.07,0.07,0.0,0.0,0.0,0.0,1.0,1.0,neptune
0,tcp,http,sf,264,14839,0,0,0,0,0,1,0,0,0,0,0,0,0,0,0,0,1,1,0.0,0.0,0.0,0.0,1.0,0.0,0.0,255,255,1.0,0.0,0.0,0.0,0.0,0.0,0.0,0.0,normal
0,tcp,http,rej,0,0,0,0,0,0,0,0,0,0,0,0,0,0,0,0,0,0,1,2,0.0,0.0,1.0,0.5,1.0,0.0,1.0,255,23,0.09,0.91,0.0,0.0,0.13,0.0,0.87,1.0,normal
0,tcp,private,rej,0,0,0,0,0,0,0,0,0,0,0,0,0,0,0,0,0,0,138,17,0.0,0.0,1.0,1.0,0.12,0.06,0.0,255,17,0.07,0.06,0.0,0.0,0.0,0.0,1.0,1.0,neptune
0,tcp,login,s0,0,0,0,0,0,0,0,0,0,0,0,0,0,0,0,0,0,0,31,1,1.0,1.0,0.0,0.0,0.03,0.23,0.0,255,1,0.0,0.17,0.0,0.0,1.0,1.0,0.0,0.0,neptune
0,icmp,ecr_i,sf,1032,0,0,0,0,0,0,0,0,0,0,0,0,0,0,0,0,0,409,409,0.0,0.0,0.0,0.0,1.0,0.0,0.0,255,255,1.0,0.0,1.0,0.0,0.0,0.0,0.0,0.0,smurf
0,tcp,z39_50,rej,0,0,0,0,0,0,0,0,0,0,0,0,0,0,0,0,0,0,230,17,0.0,0.0,1.0,1.0,0.07,0.06,0.0,255,17,0.07,0.07,0.0,0.0,0.0,0.0,1.0,1.0,neptune
0,tcp,telnet,sf,118,174,0,0,0,0,1,0,0,0,0,0,0,0,0,0,0,0,1,1,0.0,0.0,0.0,0.0,1.0,0.0,0.0,255,255,1.0,0.0,0.0,0.0,0.0,0.0,0.02,0.02,guess_passwd
0,udp,private,sf,47,44,0,0,0,0,0,0,0,0,0,0,0,0,0,0,0,0,152,152,0.0,0.0,0.0,0.0,1.0,0.0,0.0,255,255,1.0,0.0,0.59,0.0,0.0,0.0,0.0,0.0,normal
0,tcp,telnet,sf,0,15,0,0,0,0,0,0,0,0,0,0,0,0,0,0,0,0,1,3,0.0,0.0,0.0,0.33,1.0,0.0,0.67,255,35,0.14,0.03,0.0,0.0,0.0,0.0,0.35,0.74,mscan
280,tcp,ftp_data,sf,283618,0,0,0,0,0,0,0,0,0,0,0,0,0,0,0,0,0,2,2,0.0,0.0,0.0,0.0,1.0,0.0,0.0,8,12,1.0,0.0,1.0,0.17,0.0,0.0,0.0,0.0,warezmaster
0,tcp,smtp,sf,871,405,0,0,0,0,0,1,0,0,0,0,0,0,0,0,0,0,1,2,0.0,0.0,0.0,0.0,1.0,0.0,1.0,255,65,0.25,0.03,0.01,0.0,0.24,0.0,0.02,0.0,normal
0,tcp,private,rej,0,0,0,0,0,0,0,0,0,0,0,0,0,0,0,0,0,0,108,3,0.0,0.0,1.0,1.0,0.03,0.07,0.0,255,3,0.01,0.07,0.0,0.0,0.0,0.0,1.0,1.0,neptune
0,tcp,private,rej,0,0,0,0,0,0,0,0,0,0,0,0,0,0,0,0,0,0,243,17,0.0,0.0,1.0,1.0,0.07,0.06,0.0,255,17,0.07,0.07,0.0,0.0,0.0,0.0,1.0,1.0,neptune
0,tcp,private,rej,0,0,0,0,0,0,0,0,0,0,0,0,0,0,0,0,0,0,122,17,0.0,0.0,1.0,1.0,0.14,0.06,0.0,255,17,0.07,0.05,0.0,0.0,0.0,0.0,1.0,1.0,neptune
0,tcp,private,rej,0,0,0,0,0,0,0,0,0,0,0,0,0,0,0,0,0,0,207,8,0.0,0.0,1.0,1.0,0.04,0.06,0.0,255,8,0.03,0.06,0.0,0.0,0.0,0.0,1.0,1.0,neptune
0,udp,domain_u,sf,32,0,0,0,0,0,0,0,0,0,0,0,0,0,0,0,0,0,1,6,0.0,0.0,0.0,0.0,1.0,0.0,0.5,129,59,0.24,0.04,0.24,0.03,0.0,0.0,0.0,0.0,normal
280,tcp,ftp_data,sf,283618,0,0,0,0,0,0,0,0,0,0,0,0,0,0,0,0,0,1,1,0.0,0.0,0.0,0.0,1.0,0.0,0.0,3,1,0.33,0.67,0.33,0.0,0.0,0.0,0.0,0.0,warezmaster
0,icmp,eco_i,sf,18,0,0,0,0,0,0,0,0,0,0,0,0,0,0,0,0,0,1,1,0.0,0.0,0.0,0.0,1.0,0.0,0.0,1,193,1.0,0.0,1.0,1.0,0.0,0.0,0.0,0.0,ipsweep
0,tcp,http,sf,227,2304,0,0,0,0,0,1,0,0,0,0,0,0,0,0,0,0,4,4,0.0,0.0,0.0,0.0,1.0,0.0,0.0,47,255,1.0,0.0,0.02,0.02,0.0,0.0,0.0,0.0,normal
0,tcp,private,rej,0,0,0,0,0,0,0,0,0,0,0,0,0,0,0,0,0,0,106,10,0.0,0.0,1.0,1.0,0.09,0.07,0.0,255,10,0.04,0.06,0.0,0.0,0.0,0.0,1.0,1.0,neptune
1,tcp,smtp,sf,2599,293,0,0,0,0,0,1,0,0,0,0,0,0,0,0,0,0,3,3,0.0,0.0,0.0,0.0,1.0,0.0,0.0,255,203,0.8,0.13,0.0,0.0,0.0,0.0,0.19,0.0,mailbomb
7362,tcp,telnet,sf,0,44,0,0,0,0,0,0,0,0,0,0,0,0,0,0,0,0,1,1,0.0,0.0,0.0,0.0,1.0,0.0,0.0,255,216,0.85,0.16,0.0,0.0,0.5,0.59,0.15,0.01,processtable
282,tcp,ftp,sf,162,599,0,0,0,2,0,1,0,0,0,0,0,0,0,0,0,1,1,1,0.0,0.0,0.0,0.0,1.0,0.0,0.0,255,38,0.15,0.03,0.0,0.0,0.32,0.0,0.02,0.0,warezmaster
0,tcp,http,s0,0,0,0,0,0,0,0,0,0,0,0,0,0,0,0,0,0,0,2,2,1.0,1.0,0.0,0.0,1.0,0.0,0.0,255,254,1.0,0.01,0.0,0.0,0.04,0.04,0.74,0.74,apache2
0,tcp,private,rej,0,0,0,0,0,0,0,0,0,0,0,0,0,0,0,0,0,0,294,19,0.0,0.0,1.0,1.0,0.06,0.05,0.0,255,19,0.07,0.05,0.0,0.0,0.0,0.0,1.0,1.0,neptune
0,udp,private,sf,54,51,0,0,0,0,0,0,0,0,0,0,0,0,0,0,0,0,511,511,0.0,0.0,0.0,0.0,1.0,0.0,0.0,255,255,1.0,0.0,0.91,0.0,0.0,0.0,0.0,0.0,normal
0,udp,private,sf,54,54,0,0,0,0,0,0,0,0,0,0,0,0,0,0,0,0,511,511,0.0,0.0,0.0,0.0,1.0,0.0,0.0,255,255,1.0,0.0,0.78,0.0,0.0,0.0,0.0,0.0,normal
1,tcp,smtp,sf,1038,336,0,0,0,0,0,1,0,0,0,0,0,0,0,0,0,0,1,2,0.0,0.0,0.0,0.0,1.0,0.0,1.0,100,142,0.45,0.05,0.01,0.01,0.0,0.0,0.0,0.0,normal
0,tcp,private,rej,0,0,0,0,0,0,0,0,0,0,0,0,0,0,0,0,0,0,141,20,0.0,0.0,1.0,1.0,0.14,0.06,0.0,255,20,0.08,0.07,0.0,0.0,0.0,0.0,1.0,1.0,neptune
0,tcp,domain,rej,0,0,0,0,0,0,0,0,0,0,0,0,0,0,0,0,0,0,200,5,0.0,0.0,1.0,1.0,0.03,0.06,0.0,255,5,0.02,0.07,0.0,0.0,0.0,0.0,1.0,1.0,neptune
2054,tcp,http,rstr,72564,0,0,0,0,0,0,1,0,0,0,0,0,0,0,0,0,0,9,9,0.0,0.0,1.0,1.0,1.0,0.0,0.0,255,244,0.96,0.01,0.0,0.0,0.02,0.02,0.38,0.4,apache2
0,tcp,private,s0,0,0,0,0,0,0,0,0,0,0,0,0,0,0,0,0,0,0,274,16,1.0,1.0,0.0,0.0,0.06,0.06,0.0,255,16,0.06,0.07,0.0,0.0,1.0,1.0,0.0,0.0,neptune
0,tcp,other,rej,0,0,0,0,0,0,0,0,0,0,0,0,0,0,0,0,0,0,460,1,0.03,0.0,0.97,1.0,0.0,1.0,0.0,255,1,0.0,1.0,0.0,0.0,0.06,0.0,0.94,1.0,satan
1,tcp,smtp,sf,906,337,0,0,0,0,0,1,0,0,0,0,0,0,0,0,0,0,1,3,0.0,0.0,0.0,0.0,1.0,0.0,1.0,147,104,0.71,0.03,0.01,0.0,0.0,0.0,0.0,0.0,normal
2,tcp,telnet,rsto,0,15,0,0,0,0,0,0,0,0,0,0,0,0,0,0,0,0,1,11,0.0,0.09,1.0,0.45,1.0,0.0,0.64,255,29,0.11,0.03,0.0,0.0,0.01,0.0,0.31,0.79,mscan
0,tcp,private,rstr,0,0,0,0,0,0,0,0,0,0,0,0,0,0,0,0,0,0,1,1,0.0,0.0,1.0,1.0,1.0,0.0,0.0,255,1,0.0,0.73,0.71,0.0,0.0,0.0,0.72,1.0,portsweep
5,tcp,pop_3,sf,32,93,0,0,0,0,0,1,0,0,0,0,0,0,0,0,0,0,1,1,0.0,0.0,0.0,0.0,1.0,0.0,0.0,255,240,0.94,0.02,0.0,0.0,0.0,0.0,0.02,0.0,guess_passwd
0,tcp,http,sf,227,502,0,0,0,0,0,1,0,0,0,0,0,0,0,0,0,0,4,4,0.0,0.0,0.0,0.0,1.0,0.0,0.0,4,255,1.0,0.0,0.25,0.05,0.0,0.0,0.0,0.0,normal
0,tcp,sunrpc,rsto,0,0,0,0,0,0,0,0,0,0,0,0,0,0,0,0,0,0,236,16,0.0,0.0,1.0,1.0,0.07,0.07,0.0,255,16,0.06,0.07,0.0,0.0,0.0,0.0,1.0,1.0,neptune
0,tcp,whois,s0,0,0,0,0,0,0,0,0,0,0,0,0,0,0,0,0,0,0,266,14,1.0,1.0,0.0,0.0,0.05,0.06,0.0,255,14,0.05,0.06,0.0,0.0,1.0,1.0,0.0,0.0,neptune
